"path","name","type","bytes"
"apps-script/appsscript.json","appsscript","JSON","646"
"apps-script/100_HEBERPILOT_V45B_R2_RESUME_ADMIN_PRODUCT_TABS_SAFE.gs","100_HEBERPILOT_V45B_R2_RESUME_ADMIN_PRODUCT_TABS_SAFE","SERVER_JS","21871"
"apps-script/70_GDVG_GOUVERNANCE_ONGLETS_UI.gs","70_GDVG_GOUVERNANCE_ONGLETS_UI","SERVER_JS","17824"
"apps-script/80_GDVG_ACTIONS_PLANNING_UI.gs","80_GDVG_ACTIONS_PLANNING_UI","SERVER_JS","17599"
"apps-script/81_GDVG_PLANNING_VISUEL_IMPORT_STAGING_SAFE.gs","81_GDVG_PLANNING_VISUEL_IMPORT_STAGING_SAFE","SERVER_JS","11469"
"apps-script/90_GDVG_V42_AUDIT_NO_WRITE.gs","90_GDVG_V42_AUDIT_NO_WRITE","SERVER_JS","12722"
"apps-script/91_GDVG_V42R1_DASHBOARD_PATCH_SAFE.gs","91_GDVG_V42R1_DASHBOARD_PATCH_SAFE","SERVER_JS","10722"
"apps-script/92_GDVG_V43_AVIS_REPUTATION_NO_BREAK_AUDIT.gs","92_GDVG_V43_AVIS_REPUTATION_NO_BREAK_AUDIT","SERVER_JS","8263"
"apps-script/94_GDVG_V43R2_AVIS_GITESFR_AND_SCRAPING_FINAL_COMPLETE.gs","94_GDVG_V43R2_AVIS_GITESFR_AND_SCRAPING_FINAL_COMPLETE","SERVER_JS","18012"
"apps-script/95_GDVG_V43R3_AVIS_LAYOUT_MEF_MEP_MAINTENANCE_FINAL_COMPLETE.gs","95_GDVG_V43R3_AVIS_LAYOUT_MEF_MEP_MAINTENANCE_FINAL_COMPLETE","SERVER_JS","28277"
"apps-script/96_GDVG_V44A_TAXE_SEJOUR_DEEP_AUDIT_NO_WRITE.gs","96_GDVG_V44A_TAXE_SEJOUR_DEEP_AUDIT_NO_WRITE","SERVER_JS","19213"
"apps-script/97_GDVG_V44A2_SOURCE_PIECES_AND_IMPORT_MODELS_AUDIT_NO_WRITE.gs","97_GDVG_V44A2_SOURCE_PIECES_AND_IMPORT_MODELS_AUDIT_NO_WRITE","SERVER_JS","20901"
"apps-script/GDVG Cockpit — Contrôles & Réservations.gs","GDVG Cockpit — Contrôles & Réservations","SERVER_JS","32972"
"apps-script/HPIA_BACKUP_V57_ONE_FILE.gs","HPIA_BACKUP_V57_ONE_FILE","SERVER_JS","6485"